<?xml version="1.0" encoding="UTF-8"?>
<add>
  <doc>
    <field name="type">file</field>
    <field name="name">w5500.c</field>
    <field name="url">a00006.html</field>
    <field name="keywords">w5500.c</field>
    <field name="text">W5500 HAL Interface 1.0.0.0 09/01/2013 Revision history 09-01-2013 1st Release MidnightCow Copyright c 2013 WIZnet Co LTD All rights reserved Redistribution and use in source and binary forms with or without modification are permitted provided that the following conditions are met notice this list of conditions and the following disclaimer Redistributions in binary form must reproduce the above copyright notice this list of conditions and the following disclaimer in the documentation and/or other materials provided with the distribution Neither the name of the nor the names of its contributors may be used to endorse or promote products derived from this software without specific prior written permission THIS SOFTWARE IS PROVIDED BY THE COPYRIGHT HOLDERS AND CONTRIBUTORS AND ANY EXPRESS OR IMPLIED WARRANTIES INCLUDING BUT NOT LIMITED TO THE IMPLIED WARRANTIES OF MERCHANTABILITY AND FITNESS FOR A PARTICULAR PURPOSE ARE DISCLAIMED IN NO EVENT SHALL THE COPYRIGHT OWNER OR CONTRIBUTORS BE LIABLE FOR ANY DIRECT INDIRECT INCIDENTAL SPECIAL EXEMPLARY OR CONSEQUENTIAL DAMAGES INCLUDING BUT NOT LIMITED TO PROCUREMENT OF SUBSTITUTE GOODS OR SERVICES LOSS OF USE DATA OR PROFITS OR BUSINESS INTERRUPTION HOWEVER CAUSED AND ON ANY THEORY OF LIABILITY WHETHER IN CONTRACT STRICT LIABILITY OR TORT INCLUDING NEGLIGENCE OR OTHERWISE ARISING IN ANY WAY OUT OF THE USE OF THIS SOFTWARE EVEN IF ADVISED OF THE POSSIBILITY OF SUCH DAMAGE</field>
  </doc>
  <doc>
    <field name="type">source</field>
    <field name="name">w5500.c</field>
    <field name="url">.html#l00001</field>
    <field name="keywords"></field>
    <field name="text">WIZCHIP_READ_BUF GAR gar WIZCHIP_READ IMR uint16_t intlv intlv WIZCHIP_READ INTLEVEL intlv intlv WIZCHIP_READ WIZCHIP_OFFSET_INC INTLEVEL intlv WIZCHIP_READ IR xF0 WIZCHIP_READ MR WIZCHIP_READ_BUF PHAR phar WIZCHIP_READ PHYCFGR WIZCHIP_READ PMAGIC uint16_t pmru pmru WIZCHIP_READ PMRU pmru pmru WIZCHIP_READ WIZCHIP_OFFSET_INC PMRU pmru uint16_t psid psid WIZCHIP_READ PSID psid psid WIZCHIP_READ WIZCHIP_OFFSET_INC PSID psid WIZCHIP_READ PTIMER WIZCHIP_READ RCR uint16_t rtr rtr WIZCHIP_READ RTR rtr rtr WIZCHIP_READ WIZCHIP_OFFSET_INC RTR rtr WIZCHIP_READ_BUF SHAR shar WIZCHIP_READ SIMR WIZCHIP_READ_BUF SIPR sipr WIZCHIP_READ SIR WIZCHIP_READ Sn_CR sn WIZCHIP_READ_BUF Sn_DHAR sn dhar WIZCHIP_READ_BUF Sn_DIPR sn dipr uint16_t port port WIZCHIP_READ Sn_DPORT sn port port WIZCHIP_READ WIZCHIP_OFFSET_INC Sn_DPORT sn port uint16_t frag frag WIZCHIP_READ Sn_FRAG sn frag frag WIZCHIP_READ WIZCHIP_OFFSET_INC Sn_FRAG sn frag WIZCHIP_READ Sn_IMR sn xF0 WIZCHIP_READ Sn_IR sn WIZCHIP_READ Sn_KPALVTR sn WIZCHIP_READ Sn_MR sn uint16_t mss mss WIZCHIP_READ Sn_MSSR sn mss mss WIZCHIP_READ WIZCHIP_OFFSET_INC Sn_MSSR sn mss uint16_t port port WIZCHIP_READ Sn_PORT sn port port WIZCHIP_READ WIZCHIP_OFFSET_INC Sn_PORT sn port uint16_t rxrd rxrd WIZCHIP_READ Sn_RX_RD sn rxrd rxrd WIZCHIP_READ WIZCHIP_OFFSET_INC Sn_RX_RD sn rxrd uint16_t val val1 val1 WIZCHIP_READ Sn_RX_RSR sn val1 val1 WIZCHIP_READ WIZCHIP_OFFSET_INC Sn_RX_RSR sn val1 val WIZCHIP_READ Sn_RX_RSR sn val val WIZCHIP_READ WIZCHIP_OFFSET_INC Sn_RX_RSR sn val val1 val uint16_t rxwr rxwr WIZCHIP_READ Sn_RX_WR sn rxwr rxwr WIZCHIP_READ WIZCHIP_OFFSET_INC Sn_RX_WR sn rxwr WIZCHIP_READ Sn_RXBUF_SIZE sn WIZCHIP_READ Sn_SR sn WIZCHIP_READ Sn_TOS sn WIZCHIP_READ Sn_TTL sn uint16_t val val1 val1 WIZCHIP_READ Sn_TX_FSR sn val1 val1 WIZCHIP_READ WIZCHIP_OFFSET_INC Sn_TX_FSR sn val1 val WIZCHIP_READ Sn_TX_FSR sn val val WIZCHIP_READ WIZCHIP_OFFSET_INC Sn_TX_FSR sn val val1 val uint16_t txrd txrd WIZCHIP_READ Sn_TX_RD sn txrd txrd WIZCHIP_READ WIZCHIP_OFFSET_INC Sn_TX_RD sn txrd uint16_t txwr txwr WIZCHIP_READ Sn_TX_WR sn txwr txwr WIZCHIP_READ WIZCHIP_OFFSET_INC Sn_TX_WR sn txwr WIZCHIP_READ Sn_TXBUF_SIZE sn WIZCHIP_READ_BUF SUBR subr WIZCHIP_READ_BUF UIPR uipr WIZCHIP_READ VERSIONR WIZCHIP_WRITE_BUF GAR gar WIZCHIP_WRITE IMR imr WIZCHIP_WRITE INTLEVEL uint8_t intlevel WIZCHIP_WRITE WIZCHIP_OFFSET_INC INTLEVEL uint8_t intlevel WIZCHIP_WRITE IR ir xF0 WIZCHIP_WRITE MR mr WIZCHIP_WRITE_BUF PHAR phar WIZCHIP_WRITE PHYCFGR phycfgr WIZCHIP_WRITE PMAGIC pmagic WIZCHIP_WRITE PMRU uint8_t pmru WIZCHIP_WRITE WIZCHIP_OFFSET_INC PMRU uint8_t pmru WIZCHIP_WRITE PSID uint8_t psid WIZCHIP_WRITE WIZCHIP_OFFSET_INC PSID uint8_t psid WIZCHIP_WRITE PTIMER ptimer WIZCHIP_WRITE RCR rcr WIZCHIP_WRITE RTR uint8_t rtr WIZCHIP_WRITE WIZCHIP_OFFSET_INC RTR uint8_t rtr WIZCHIP_WRITE_BUF SHAR shar WIZCHIP_WRITE SIMR simr WIZCHIP_WRITE_BUF SIPR sipr WIZCHIP_WRITE SIR sir WIZCHIP_WRITE Sn_CR sn cr WIZCHIP_WRITE_BUF Sn_DHAR sn dhar WIZCHIP_WRITE_BUF Sn_DIPR sn dipr WIZCHIP_WRITE Sn_DPORT sn uint8_t dport WIZCHIP_WRITE WIZCHIP_OFFSET_INC Sn_DPORT sn uint8_t dport WIZCHIP_WRITE Sn_FRAG sn uint8_t frag WIZCHIP_WRITE WIZCHIP_OFFSET_INC Sn_FRAG sn uint8_t frag WIZCHIP_WRITE Sn_IMR sn imr xF0 WIZCHIP_WRITE Sn_IR sn ir WIZCHIP_WRITE Sn_KPALVTR sn kpalvt WIZCHIP_WRITE Sn_MR sn mr WIZCHIP_WRITE Sn_MSSR sn uint8_t mss WIZCHIP_WRITE WIZCHIP_OFFSET_INC Sn_MSSR sn uint8_t mss WIZCHIP_WRITE Sn_PORT sn uint8_t port WIZCHIP_WRITE WIZCHIP_OFFSET_INC Sn_PORT sn uint8_t port WIZCHIP_WRITE Sn_RX_RD sn uint8_t rxrd WIZCHIP_WRITE WIZCHIP_OFFSET_INC Sn_RX_RD sn uint8_t rxrd WIZCHIP_WRITE Sn_RXBUF_SIZE sn rxbufsize WIZCHIP_WRITE Sn_TOS sn tos WIZCHIP_WRITE Sn_TTL sn ttl WIZCHIP_WRITE Sn_TX_WR sn uint8_t txwr WIZCHIP_WRITE WIZCHIP_OFFSET_INC Sn_TX_WR sn uint8_t txwr WIZCHIP_WRITE Sn_TXBUF_SIZE sn txbufsize WIZCHIP_WRITE_BUF SUBR subr uint16_t ptr uint32_t addrsel len ptr getSn_RX_RD sn addrsel ptr WIZCHIP_RXBUF_BLOCK sn WIZCHIP_READ_BUF addrsel wizdata len ptr len setSn_RX_RD sn ptr uint16_t ptr ptr getSn_RX_RD sn ptr len setSn_RX_RD sn ptr uint16_t ptr uint32_t addrsel len ptr getSn_TX_WR sn addrsel ptr WIZCHIP_TXBUF_BLOCK sn WIZCHIP_WRITE_BUF addrsel wizdata len ptr len setSn_TX_WR sn ptr WIZCHIP CRIS _enter WIZCHIP CRIS _exit uint8_t ret WIZCHIP_CRITICAL_ENTER WIZCHIP CS _select AddrSel _W5500_SPI_READ_ _W5500_SPI_VDM_OP_ AddrSel _W5500_SPI_READ_ _W5500_SPI_FDM_OP_LEN1_ WIZCHIP IF SPI _write_byte AddrSel x00FF0000 WIZCHIP IF SPI _write_byte AddrSel x0000FF00 WIZCHIP IF SPI _write_byte AddrSel x000000FF ret WIZCHIP IF SPI _read_byte WIZCHIP CS _deselect WIZCHIP_CRITICAL_EXIT ret uint16_t i uint16_t j WIZCHIP_CRITICAL_ENTER WIZCHIP CS _select AddrSel _W5500_SPI_READ_ _W5500_SPI_VDM_OP_ WIZCHIP IF SPI _write_byte AddrSel x00FF0000 WIZCHIP IF SPI _write_byte AddrSel x0000FF00 WIZCHIP IF SPI _write_byte AddrSel x000000FF i i len i pBuf i WIZCHIP IF SPI _read_byte AddrSel _W5500_SPI_READ_ _W5500_SPI_FDM_OP_LEN4_ i i len i WIZCHIP IF SPI _write_byte AddrSel x00FF0000 WIZCHIP IF SPI _write_byte AddrSel x0000FF00 WIZCHIP IF SPI _write_byte AddrSel x000000FF pBuf i WIZCHIP IF SPI _read_byte pBuf i WIZCHIP IF SPI _read_byte pBuf i WIZCHIP IF SPI _read_byte pBuf i WIZCHIP IF SPI _read_byte AddrSel WIZCHIP_OFFSET_INC AddrSel len len AddrSel i j j len j WIZCHIP IF SPI _write_byte AddrSel x00FF0000 WIZCHIP IF SPI _write_byte AddrSel x0000FF00 WIZCHIP IF SPI _write_byte AddrSel x000000FF pBuf i WIZCHIP IF SPI _read_byte pBuf i WIZCHIP IF SPI _read_byte i AddrSel WIZCHIP_OFFSET_INC AddrSel len len AddrSel WIZCHIP IF SPI _write_byte AddrSel x00FF0000 WIZCHIP IF SPI _write_byte AddrSel x0000FF00 WIZCHIP IF SPI _write_byte AddrSel x000000FF pBuf i WIZCHIP IF SPI _read_byte WIZCHIP CS _deselect WIZCHIP_CRITICAL_EXIT WIZCHIP_CRITICAL_ENTER WIZCHIP CS _select AddrSel _W5500_SPI_WRITE_ _W5500_SPI_VDM_OP_ AddrSel _W5500_SPI_WRITE_ _W5500_SPI_FDM_OP_LEN1_ WIZCHIP IF SPI _write_byte AddrSel x00FF0000 WIZCHIP IF SPI _write_byte AddrSel x0000FF00 WIZCHIP IF SPI _write_byte AddrSel x000000FF WIZCHIP IF SPI _write_byte wb WIZCHIP CS _deselect WIZCHIP_CRITICAL_EXIT uint16_t i uint16_t j WIZCHIP_CRITICAL_ENTER WIZCHIP CS _select AddrSel _W5500_SPI_WRITE_ _W5500_SPI_VDM_OP_ WIZCHIP IF SPI _write_byte AddrSel x00FF0000 WIZCHIP IF SPI _write_byte AddrSel x0000FF00 WIZCHIP IF SPI _write_byte AddrSel x000000FF i i len i WIZCHIP IF SPI _write_byte pBuf i AddrSel _W5500_SPI_WRITE_ _W5500_SPI_FDM_OP_LEN4_ i i len i WIZCHIP IF SPI _write_byte AddrSel x00FF0000 WIZCHIP IF SPI _write_byte AddrSel x0000FF00 WIZCHIP IF SPI _write_byte AddrSel x000000FF WIZCHIP IF SPI _write_byte pBuf i WIZCHIP IF SPI _write_byte pBuf i WIZCHIP IF SPI _write_byte pBuf i WIZCHIP IF SPI _write_byte pBuf i AddrSel WIZCHIP_OFFSET_INC AddrSel len len AddrSel i j j len j WIZCHIP IF SPI _write_byte AddrSel x00FF0000 WIZCHIP IF SPI _write_byte AddrSel x0000FF00 WIZCHIP IF SPI _write_byte AddrSel x000000FF WIZCHIP IF SPI _write_byte pBuf i WIZCHIP IF SPI _write_byte pBuf i i AddrSel WIZCHIP_OFFSET_INC AddrSel len len AddrSel WIZCHIP IF SPI _write_byte AddrSel x00FF0000 WIZCHIP IF SPI _write_byte AddrSel x0000FF00 WIZCHIP IF SPI _write_byte AddrSel x000000FF WIZCHIP IF SPI _write_byte pBuf i WIZCHIP CS _deselect WIZCHIP_CRITICAL_EXIT WIZCHIP_READ_BUF GAR gar WIZCHIP_READ IMR uint16_t intlv intlv WIZCHIP_READ INTLEVEL intlv intlv WIZCHIP_READ WIZCHIP_OFFSET_INC INTLEVEL intlv WIZCHIP_READ IR xF0 WIZCHIP_READ MR WIZCHIP_READ_BUF PHAR phar WIZCHIP_READ PHYCFGR WIZCHIP_READ PMAGIC uint16_t pmru pmru WIZCHIP_READ PMRU pmru pmru WIZCHIP_READ WIZCHIP_OFFSET_INC PMRU pmru uint16_t psid psid WIZCHIP_READ PSID psid psid WIZCHIP_READ WIZCHIP_OFFSET_INC PSID psid WIZCHIP_READ PTIMER WIZCHIP_READ RCR uint16_t rtr rtr WIZCHIP_READ RTR rtr rtr WIZCHIP_READ WIZCHIP_OFFSET_INC RTR rtr WIZCHIP_READ_BUF SHAR shar WIZCHIP_READ SIMR WIZCHIP_READ_BUF SIPR sipr WIZCHIP_READ SIR WIZCHIP_READ Sn_CR sn WIZCHIP_READ_BUF Sn_DHAR sn dhar WIZCHIP_READ_BUF Sn_DIPR sn dipr uint16_t port port WIZCHIP_READ Sn_DPORT sn port port WIZCHIP_READ WIZCHIP_OFFSET_INC Sn_DPORT sn port uint16_t frag frag WIZCHIP_READ Sn_FRAG sn frag frag WIZCHIP_READ WIZCHIP_OFFSET_INC Sn_FRAG sn frag WIZCHIP_READ Sn_IMR sn xF0 WIZCHIP_READ Sn_IR sn WIZCHIP_READ Sn_KPALVTR sn WIZCHIP_READ Sn_MR sn uint16_t mss mss WIZCHIP_READ Sn_MSSR sn mss mss WIZCHIP_READ WIZCHIP_OFFSET_INC Sn_MSSR sn mss uint16_t port port WIZCHIP_READ Sn_PORT sn port port WIZCHIP_READ WIZCHIP_OFFSET_INC Sn_PORT sn port uint16_t rxrd rxrd WIZCHIP_READ Sn_RX_RD sn rxrd rxrd WIZCHIP_READ WIZCHIP_OFFSET_INC Sn_RX_RD sn rxrd uint16_t val val1 val1 WIZCHIP_READ Sn_RX_RSR sn val1 val1 WIZCHIP_READ WIZCHIP_OFFSET_INC Sn_RX_RSR sn val1 val WIZCHIP_READ Sn_RX_RSR sn val val WIZCHIP_READ WIZCHIP_OFFSET_INC Sn_RX_RSR sn val val1 val uint16_t rxwr rxwr WIZCHIP_READ Sn_RX_WR sn rxwr rxwr WIZCHIP_READ WIZCHIP_OFFSET_INC Sn_RX_WR sn rxwr WIZCHIP_READ Sn_RXBUF_SIZE sn WIZCHIP_READ Sn_SR sn WIZCHIP_READ Sn_TOS sn WIZCHIP_READ Sn_TTL sn uint16_t val val1 val1 WIZCHIP_READ Sn_TX_FSR sn val1 val1 WIZCHIP_READ WIZCHIP_OFFSET_INC Sn_TX_FSR sn val1 val WIZCHIP_READ Sn_TX_FSR sn val val WIZCHIP_READ WIZCHIP_OFFSET_INC Sn_TX_FSR sn val val1 val uint16_t txrd txrd WIZCHIP_READ Sn_TX_RD sn txrd txrd WIZCHIP_READ WIZCHIP_OFFSET_INC Sn_TX_RD sn txrd uint16_t txwr txwr WIZCHIP_READ Sn_TX_WR sn txwr txwr WIZCHIP_READ WIZCHIP_OFFSET_INC Sn_TX_WR sn txwr WIZCHIP_READ Sn_TXBUF_SIZE sn WIZCHIP_READ_BUF SUBR subr WIZCHIP_READ_BUF UIPR uipr WIZCHIP_READ VERSIONR WIZCHIP_WRITE_BUF GAR gar WIZCHIP_WRITE IMR imr WIZCHIP_WRITE INTLEVEL uint8_t intlevel WIZCHIP_WRITE WIZCHIP_OFFSET_INC INTLEVEL uint8_t intlevel WIZCHIP_WRITE IR ir xF0 WIZCHIP_WRITE MR mr WIZCHIP_WRITE_BUF PHAR phar WIZCHIP_WRITE PHYCFGR phycfgr WIZCHIP_WRITE PMAGIC pmagic WIZCHIP_WRITE PMRU uint8_t pmru WIZCHIP_WRITE WIZCHIP_OFFSET_INC PMRU uint8_t pmru WIZCHIP_WRITE PSID uint8_t psid WIZCHIP_WRITE WIZCHIP_OFFSET_INC PSID uint8_t psid WIZCHIP_WRITE PTIMER ptimer WIZCHIP_WRITE RCR rcr WIZCHIP_WRITE RTR uint8_t rtr WIZCHIP_WRITE WIZCHIP_OFFSET_INC RTR uint8_t rtr WIZCHIP_WRITE_BUF SHAR shar WIZCHIP_WRITE SIMR simr WIZCHIP_WRITE_BUF SIPR sipr WIZCHIP_WRITE SIR sir WIZCHIP_WRITE Sn_CR sn cr WIZCHIP_WRITE_BUF Sn_DHAR sn dhar WIZCHIP_WRITE_BUF Sn_DIPR sn dipr WIZCHIP_WRITE Sn_DPORT sn uint8_t dport WIZCHIP_WRITE WIZCHIP_OFFSET_INC Sn_DPORT sn uint8_t dport WIZCHIP_WRITE Sn_FRAG sn uint8_t frag WIZCHIP_WRITE WIZCHIP_OFFSET_INC Sn_FRAG sn uint8_t frag WIZCHIP_WRITE Sn_IMR sn imr xF0 WIZCHIP_WRITE Sn_IR sn ir WIZCHIP_WRITE Sn_KPALVTR sn kpalvt WIZCHIP_WRITE Sn_MR sn mr WIZCHIP_WRITE Sn_MSSR sn uint8_t mss WIZCHIP_WRITE WIZCHIP_OFFSET_INC Sn_MSSR sn uint8_t mss WIZCHIP_WRITE Sn_PORT sn uint8_t port WIZCHIP_WRITE WIZCHIP_OFFSET_INC Sn_PORT sn uint8_t port WIZCHIP_WRITE Sn_RX_RD sn uint8_t rxrd WIZCHIP_WRITE WIZCHIP_OFFSET_INC Sn_RX_RD sn uint8_t rxrd WIZCHIP_WRITE Sn_RXBUF_SIZE sn rxbufsize WIZCHIP_WRITE Sn_TOS sn tos WIZCHIP_WRITE Sn_TTL sn ttl WIZCHIP_WRITE Sn_TX_WR sn uint8_t txwr WIZCHIP_WRITE WIZCHIP_OFFSET_INC Sn_TX_WR sn uint8_t txwr WIZCHIP_WRITE Sn_TXBUF_SIZE sn txbufsize WIZCHIP_WRITE_BUF SUBR subr uint16_t ptr uint32_t addrsel len ptr getSn_RX_RD sn addrsel ptr WIZCHIP_RXBUF_BLOCK sn WIZCHIP_READ_BUF addrsel wizdata len ptr len setSn_RX_RD sn ptr uint16_t ptr ptr getSn_RX_RD sn ptr len setSn_RX_RD sn ptr uint16_t ptr uint32_t addrsel len ptr getSn_TX_WR sn addrsel ptr WIZCHIP_TXBUF_BLOCK sn WIZCHIP_WRITE_BUF addrsel wizdata len ptr len setSn_TX_WR sn ptr WIZCHIP CRIS _enter WIZCHIP CRIS _exit uint8_t ret WIZCHIP_CRITICAL_ENTER WIZCHIP CS _select AddrSel _W5500_SPI_READ_ _W5500_SPI_VDM_OP_ AddrSel _W5500_SPI_READ_ _W5500_SPI_FDM_OP_LEN1_ WIZCHIP IF SPI _write_byte AddrSel x00FF0000 WIZCHIP IF SPI _write_byte AddrSel x0000FF00 WIZCHIP IF SPI _write_byte AddrSel x000000FF ret WIZCHIP IF SPI _read_byte WIZCHIP CS _deselect WIZCHIP_CRITICAL_EXIT ret uint16_t i uint16_t j WIZCHIP_CRITICAL_ENTER WIZCHIP CS _select AddrSel _W5500_SPI_READ_ _W5500_SPI_VDM_OP_ WIZCHIP IF SPI _write_byte AddrSel x00FF0000 WIZCHIP IF SPI _write_byte AddrSel x0000FF00 WIZCHIP IF SPI _write_byte AddrSel x000000FF i i len i pBuf i WIZCHIP IF SPI _read_byte AddrSel _W5500_SPI_READ_ _W5500_SPI_FDM_OP_LEN4_ i i len i WIZCHIP IF SPI _write_byte AddrSel x00FF0000 WIZCHIP IF SPI _write_byte AddrSel x0000FF00 WIZCHIP IF SPI _write_byte AddrSel x000000FF pBuf i WIZCHIP IF SPI _read_byte pBuf i WIZCHIP IF SPI _read_byte pBuf i WIZCHIP IF SPI _read_byte pBuf i WIZCHIP IF SPI _read_byte AddrSel WIZCHIP_OFFSET_INC AddrSel len len AddrSel i j j len j WIZCHIP IF SPI _write_byte AddrSel x00FF0000 WIZCHIP IF SPI _write_byte AddrSel x0000FF00 WIZCHIP IF SPI _write_byte AddrSel x000000FF pBuf i WIZCHIP IF SPI _read_byte pBuf i WIZCHIP IF SPI _read_byte i AddrSel WIZCHIP_OFFSET_INC AddrSel len len AddrSel WIZCHIP IF SPI _write_byte AddrSel x00FF0000 WIZCHIP IF SPI _write_byte AddrSel x0000FF00 WIZCHIP IF SPI _write_byte AddrSel x000000FF pBuf i WIZCHIP IF SPI _read_byte WIZCHIP CS _deselect WIZCHIP_CRITICAL_EXIT WIZCHIP_CRITICAL_ENTER WIZCHIP CS _select AddrSel _W5500_SPI_WRITE_ _W5500_SPI_VDM_OP_ AddrSel _W5500_SPI_WRITE_ _W5500_SPI_FDM_OP_LEN1_ WIZCHIP IF SPI _write_byte AddrSel x00FF0000 WIZCHIP IF SPI _write_byte AddrSel x0000FF00 WIZCHIP IF SPI _write_byte AddrSel x000000FF WIZCHIP IF SPI _write_byte wb WIZCHIP CS _deselect WIZCHIP_CRITICAL_EXIT uint16_t i uint16_t j WIZCHIP_CRITICAL_ENTER WIZCHIP CS _select AddrSel _W5500_SPI_WRITE_ _W5500_SPI_VDM_OP_ WIZCHIP IF SPI _write_byte AddrSel x00FF0000 WIZCHIP IF SPI _write_byte AddrSel x0000FF00 WIZCHIP IF SPI _write_byte AddrSel x000000FF i i len i WIZCHIP IF SPI _write_byte pBuf i AddrSel _W5500_SPI_WRITE_ _W5500_SPI_FDM_OP_LEN4_ i i len i WIZCHIP IF SPI _write_byte AddrSel x00FF0000 WIZCHIP IF SPI _write_byte AddrSel x0000FF00 WIZCHIP IF SPI _write_byte AddrSel x000000FF WIZCHIP IF SPI _write_byte pBuf i WIZCHIP IF SPI _write_byte pBuf i WIZCHIP IF SPI _write_byte pBuf i WIZCHIP IF SPI _write_byte pBuf i AddrSel WIZCHIP_OFFSET_INC AddrSel len len AddrSel i j j len j WIZCHIP IF SPI _write_byte AddrSel x00FF0000 WIZCHIP IF SPI _write_byte AddrSel x0000FF00 WIZCHIP IF SPI _write_byte AddrSel x000000FF WIZCHIP IF SPI _write_byte pBuf i WIZCHIP IF SPI _write_byte pBuf i i AddrSel WIZCHIP_OFFSET_INC AddrSel len len AddrSel WIZCHIP IF SPI _write_byte AddrSel x00FF0000 WIZCHIP IF SPI _write_byte AddrSel x0000FF00 WIZCHIP IF SPI _write_byte AddrSel x000000FF WIZCHIP IF SPI _write_byte pBuf i WIZCHIP CS _deselect WIZCHIP_CRITICAL_EXIT WIZCHIP if_mode _WIZCHIP_IO_MODE_BUS_ bus_rb bus_wb WIZCHIP IF BUS _read_byte wizchip_bus_readbyte WIZCHIP IF BUS _write_byte wizchip_bus_writebyte WIZCHIP IF BUS _read_byte bus_rb WIZCHIP IF BUS _write_byte bus_wb cris_en cris_ex WIZCHIP CRIS _enter wizchip_cris_enter WIZCHIP CRIS _exit wizchip_cris_exit WIZCHIP CRIS _enter cris_en WIZCHIP CRIS _exit cris_ex cs_sel cs_desel WIZCHIP CS _select wizchip_cs_select WIZCHIP CS _deselect wizchip_cs_deselect WIZCHIP CS _select cs_sel WIZCHIP CS _deselect cs_desel WIZCHIP if_mode _WIZCHIP_IO_MODE_SPI_ spi_rb spi_wb WIZCHIP IF SPI _read_byte wizchip_spi_readbyte WIZCHIP IF SPI _write_byte wizchip_spi_writebyte WIZCHIP IF SPI _read_byte spi_rb WIZCHIP IF SPI _write_byte spi_wb uint8_t AddrSel uint8_t AddrSel wb WIZCHIP if_mode _WIZCHIP_IO_MODE_BUS_ bus_rb bus_wb WIZCHIP IF BUS _read_byte wizchip_bus_readbyte WIZCHIP IF BUS _write_byte wizchip_bus_writebyte WIZCHIP IF BUS _read_byte bus_rb WIZCHIP IF BUS _write_byte bus_wb cris_en cris_ex WIZCHIP CRIS _enter wizchip_cris_enter WIZCHIP CRIS _exit wizchip_cris_exit WIZCHIP CRIS _enter cris_en WIZCHIP CRIS _exit cris_ex cs_sel cs_desel WIZCHIP CS _select wizchip_cs_select WIZCHIP CS _deselect wizchip_cs_deselect WIZCHIP CS _select cs_sel WIZCHIP CS _deselect cs_desel WIZCHIP if_mode _WIZCHIP_IO_MODE_SPI_ spi_rb spi_wb WIZCHIP IF SPI _read_byte wizchip_spi_readbyte WIZCHIP IF SPI _write_byte wizchip_spi_writebyte WIZCHIP IF SPI _read_byte spi_rb WIZCHIP IF SPI _write_byte spi_wb</field>
  </doc>
  <doc>
    <field name="type">function</field>
    <field name="name">setMR</field>
    <field name="args">(uint8_t mr)</field>
    <field name="url">a00006.html#a4c602967e0c00e9f509d052824cb3396</field>
    <field name="keywords"></field>
    <field name="text">void</field>
  </doc>
  <doc>
    <field name="type">file</field>
    <field name="name">w5500.h</field>
    <field name="url">a00007.html</field>
    <field name="keywords">w5500.h</field>
    <field name="text">W5500 HAL Header File 1.0.0.0 09/01/2013 Revision history 09-01-2013 1st Release MidnightCow Copyright c 2013 WIZnet Co LTD All rights reserved Redistribution and use in source and binary forms with or without modification are permitted provided that the following conditions are met notice this list of conditions and the following disclaimer Redistributions in binary form must reproduce the above copyright notice this list of conditions and the following disclaimer in the documentation and/or other materials provided with the distribution Neither the name of the nor the names of its contributors may be used to endorse or promote products derived from this software without specific prior written permission THIS SOFTWARE IS PROVIDED BY THE COPYRIGHT HOLDERS AND CONTRIBUTORS AND ANY EXPRESS OR IMPLIED WARRANTIES INCLUDING BUT NOT LIMITED TO THE IMPLIED WARRANTIES OF MERCHANTABILITY AND FITNESS FOR A PARTICULAR PURPOSE ARE DISCLAIMED IN NO EVENT SHALL THE COPYRIGHT OWNER OR CONTRIBUTORS BE LIABLE FOR ANY DIRECT INDIRECT INCIDENTAL SPECIAL EXEMPLARY OR CONSEQUENTIAL DAMAGES INCLUDING BUT NOT LIMITED TO PROCUREMENT OF SUBSTITUTE GOODS OR SERVICES LOSS OF USE DATA OR PROFITS OR BUSINESS INTERRUPTION HOWEVER CAUSED AND ON ANY THEORY OF LIABILITY WHETHER IN CONTRACT STRICT LIABILITY OR TORT INCLUDING NEGLIGENCE OR OTHERWISE ARISING IN ANY WAY OUT OF THE USE OF THIS SOFTWARE EVEN IF ADVISED OF THE POSSIBILITY OF SUCH DAMAGE</field>
  </doc>
  <doc>
    <field name="type">function</field>
    <field name="name">setMR</field>
    <field name="args">(uint8_t mr)</field>
    <field name="url">a00007.html#a4c602967e0c00e9f509d052824cb3396</field>
    <field name="keywords"></field>
    <field name="text">void</field>
  </doc>
  <doc>
    <field name="type">file</field>
    <field name="name">wizchip_conf.c</field>
    <field name="url">a00008.html</field>
    <field name="keywords">wizchip_conf.c</field>
    <field name="text">WIZCHIP Config Header File 1.0.0.0 09/01/2013 Revision history 09-01-2013 1st Release MidnightCow Copyright c 2013 WIZnet Co LTD All rights reserved Redistribution and use in source and binary forms with or without modification are permitted provided that the following conditions are met notice this list of conditions and the following disclaimer Redistributions in binary form must reproduce the above copyright notice this list of conditions and the following disclaimer in the documentation and/or other materials provided with the distribution Neither the name of the nor the names of its contributors may be used to endorse or promote products derived from this software without specific prior written permission THIS SOFTWARE IS PROVIDED BY THE COPYRIGHT HOLDERS AND CONTRIBUTORS AND ANY EXPRESS OR IMPLIED WARRANTIES INCLUDING BUT NOT LIMITED TO THE IMPLIED WARRANTIES OF MERCHANTABILITY AND FITNESS FOR A PARTICULAR PURPOSE ARE DISCLAIMED IN NO EVENT SHALL THE COPYRIGHT OWNER OR CONTRIBUTORS BE LIABLE FOR ANY DIRECT INDIRECT INCIDENTAL SPECIAL EXEMPLARY OR CONSEQUENTIAL DAMAGES INCLUDING BUT NOT LIMITED TO PROCUREMENT OF SUBSTITUTE GOODS OR SERVICES LOSS OF USE DATA OR PROFITS OR BUSINESS INTERRUPTION HOWEVER CAUSED AND ON ANY THEORY OF LIABILITY WHETHER IN CONTRACT STRICT LIABILITY OR TORT INCLUDING NEGLIGENCE OR OTHERWISE ARISING IN ANY WAY OUT OF THE USE OF THIS SOFTWARE EVEN IF ADVISED OF THE POSSIBILITY OF SUCH DAMAGE</field>
  </doc>
  <doc>
    <field name="type">function</field>
    <field name="name">reg_wizchip_bus_cbfunc</field>
    <field name="args">(uint8_t(*bus_rb)(uint32_t addr), void(*bus_wb)(uint32_t addr, uint8_t wb))</field>
    <field name="url">a00008.html#ae6ad00c6e026b8bf0d65d1db94f3a8bf</field>
    <field name="keywords"></field>
    <field name="text">Describe wizchip_bus_readbyte and wizchip_bus_writebyte function or register your functions If you do not describe or register null function is called</field>
  </doc>
  <doc>
    <field name="type">function</field>
    <field name="name">reg_wizchip_cris_cbfunc</field>
    <field name="args">(void(*cris_en)(void), void(*cris_ex)(void))</field>
    <field name="url">a00008.html#a658e320e9c986ecab81857a8716b8b87</field>
    <field name="keywords"></field>
    <field name="text">Describe wizchip_int_enable and wizchip_int_disable function or register your functions If you do not describe or register null function is called</field>
  </doc>
  <doc>
    <field name="type">function</field>
    <field name="name">reg_wizchip_cs_cbfunc</field>
    <field name="args">(void(*cs_sel)(void), void(*cs_desel)(void))</field>
    <field name="url">a00008.html#a63208f3ad63e6290be0ed33705baa27e</field>
    <field name="keywords"></field>
    <field name="text">Describe wizchip_cs_select and wizchip_cs_deselect function or register your functions If you do not describe or register null function is called</field>
  </doc>
  <doc>
    <field name="type">function</field>
    <field name="name">reg_wizchip_spi_cbfunc</field>
    <field name="args">(uint8_t(*spi_rb)(void), void(*spi_wb)(uint8_t wb))</field>
    <field name="url">a00008.html#ab8b1906597683424d5f599e6fd720386</field>
    <field name="keywords"></field>
    <field name="text">Describe wizchip_spi_readbyte and wizchip_spi_writebyte function or register your functions If you do not describe or register null function is called</field>
  </doc>
  <doc>
    <field name="type">function</field>
    <field name="name">wizchip_bus_readbyte</field>
    <field name="args">(uint32_t AddrSel)</field>
    <field name="url">a00008.html#ae6c3296f0b6471c9fb26399bd4bfaf40</field>
    <field name="keywords"></field>
    <field name="text">This function help not to access wrong address If you do not describe this function or register any functions null function is called</field>
  </doc>
  <doc>
    <field name="type">function</field>
    <field name="name">wizchip_bus_writebyte</field>
    <field name="args">(uint32_t AddrSel, uint8_t wb)</field>
    <field name="url">a00008.html#a72e190dec22638a14f5a6df75335f5b7</field>
    <field name="keywords"></field>
    <field name="text">This function help not to access wrong address If you do not describe this function or register any functions null function is called</field>
  </doc>
  <doc>
    <field name="type">function</field>
    <field name="name">wizchip_cris_enter</field>
    <field name="args">(void)</field>
    <field name="url">a00008.html#a0670b3769d0093cff1d4539d0067c0f3</field>
    <field name="keywords"></field>
    <field name="text">This function help not to access wrong address If you do not describe this function or register any functions null function is called</field>
  </doc>
  <doc>
    <field name="type">function</field>
    <field name="name">wizchip_cris_exit</field>
    <field name="args">(void)</field>
    <field name="url">a00008.html#a558a7118b574e41fd9edb3de0bbbd4f0</field>
    <field name="keywords"></field>
    <field name="text">This function help not to access wrong address If you do not describe this function or register any functions null function is called</field>
  </doc>
  <doc>
    <field name="type">function</field>
    <field name="name">wizchip_cs_deselect</field>
    <field name="args">(void)</field>
    <field name="url">a00008.html#aeed928f8cddb547702ee3937fadcb727</field>
    <field name="keywords"></field>
    <field name="text">This function help not to access wrong address If you do not describe this function or register any functions null function is called</field>
  </doc>
  <doc>
    <field name="type">function</field>
    <field name="name">wizchip_cs_select</field>
    <field name="args">(void)</field>
    <field name="url">a00008.html#a244d1c94f43c6c4a6c0e5b17357e1f5c</field>
    <field name="keywords"></field>
    <field name="text">This function help not to access wrong address If you do not describe this function or register any functions null function is called</field>
  </doc>
  <doc>
    <field name="type">function</field>
    <field name="name">wizchip_spi_readbyte</field>
    <field name="args">(void)</field>
    <field name="url">a00008.html#aa2207654c49a9f57887feaf9921a05a9</field>
    <field name="keywords"></field>
    <field name="text">This function help not to access wrong address If you do not describe this function or register any functions null function is called</field>
  </doc>
  <doc>
    <field name="type">function</field>
    <field name="name">wizchip_spi_writebyte</field>
    <field name="args">(uint8_t wb)</field>
    <field name="url">a00008.html#a4e493cf7e22451f15725d15891ad9b23</field>
    <field name="keywords"></field>
    <field name="text">This function help not to access wrong address If you do not describe this function or register any functions null function is called</field>
  </doc>
  <doc>
    <field name="type">variable</field>
    <field name="name">WIZCHIP</field>
    <field name="url">a00008.html#ad0efd19f6465f2071d41dbf2a9090133</field>
    <field name="keywords"></field>
    <field name="text">id _WIZCHIP_ID_ if_mode _WIZCHIP_IO_MODE_ CRIS _enter wizchip_cris_enter CRIS _exit wizchip_cris_exit CS _select wizchip_cs_select CS _deselect wizchip_cs_deselect IF BUS _read_byte wizchip_bus_readbyte IF BUS _write_byte wizchip_bus_writebyte</field>
  </doc>
  <doc>
    <field name="type">file</field>
    <field name="name">wizchip_conf.h</field>
    <field name="url">a00001.html</field>
    <field name="keywords">wizchip_conf.h</field>
    <field name="text">WIZCHIP Config Header File 1.0.0.0 09/01/2013 Revision history 09-01-2013 1st Release MidnightCow Copyright c 2013 WIZnet Co LTD All rights reserved Redistribution and use in source and binary forms with or without modification are permitted provided that the following conditions are met notice this list of conditions and the following disclaimer Redistributions in binary form must reproduce the above copyright notice this list of conditions and the following disclaimer in the documentation and/or other materials provided with the distribution Neither the name of the nor the names of its contributors may be used to endorse or promote products derived from this software without specific prior written permission THIS SOFTWARE IS PROVIDED BY THE COPYRIGHT HOLDERS AND CONTRIBUTORS AND ANY EXPRESS OR IMPLIED WARRANTIES INCLUDING BUT NOT LIMITED TO THE IMPLIED WARRANTIES OF MERCHANTABILITY AND FITNESS FOR A PARTICULAR PURPOSE ARE DISCLAIMED IN NO EVENT SHALL THE COPYRIGHT OWNER OR CONTRIBUTORS BE LIABLE FOR ANY DIRECT INDIRECT INCIDENTAL SPECIAL EXEMPLARY OR CONSEQUENTIAL DAMAGES INCLUDING BUT NOT LIMITED TO PROCUREMENT OF SUBSTITUTE GOODS OR SERVICES LOSS OF USE DATA OR PROFITS OR BUSINESS INTERRUPTION HOWEVER CAUSED AND ON ANY THEORY OF LIABILITY WHETHER IN CONTRACT STRICT LIABILITY OR TORT INCLUDING NEGLIGENCE OR OTHERWISE ARISING IN ANY WAY OUT OF THE USE OF THIS SOFTWARE EVEN IF ADVISED OF THE POSSIBILITY OF SUCH DAMAGE</field>
  </doc>
  <doc>
    <field name="type">function</field>
    <field name="name">reg_wizchip_bus_cbfunc</field>
    <field name="args">(uint8_t(*bus_rb)(uint32_t addr), void(*bus_wb)(uint32_t addr, uint8_t wb))</field>
    <field name="url">a00001.html#ae6ad00c6e026b8bf0d65d1db94f3a8bf</field>
    <field name="keywords"></field>
    <field name="text">Describe wizchip_bus_readbyte and wizchip_bus_writebyte function or register your functions If you do not describe or register null function is called</field>
  </doc>
  <doc>
    <field name="type">function</field>
    <field name="name">reg_wizchip_cris_cbfunc</field>
    <field name="args">(void(*cris_en)(void), void(*cris_ex)(void))</field>
    <field name="url">a00001.html#a658e320e9c986ecab81857a8716b8b87</field>
    <field name="keywords"></field>
    <field name="text">Describe wizchip_int_enable and wizchip_int_disable function or register your functions If you do not describe or register null function is called</field>
  </doc>
  <doc>
    <field name="type">function</field>
    <field name="name">reg_wizchip_cs_cbfunc</field>
    <field name="args">(void(*cs_sel)(void), void(*cs_desel)(void))</field>
    <field name="url">a00001.html#a63208f3ad63e6290be0ed33705baa27e</field>
    <field name="keywords"></field>
    <field name="text">Describe wizchip_cs_select and wizchip_cs_deselect function or register your functions If you do not describe or register null function is called</field>
  </doc>
  <doc>
    <field name="type">function</field>
    <field name="name">reg_wizchip_spi_cbfunc</field>
    <field name="args">(uint8_t(*spi_rb)(void), void(*spi_wb)(uint8_t wb))</field>
    <field name="url">a00001.html#ab8b1906597683424d5f599e6fd720386</field>
    <field name="keywords"></field>
    <field name="text">Describe wizchip_spi_readbyte and wizchip_spi_writebyte function or register your functions If you do not describe or register null function is called</field>
  </doc>
  <doc>
    <field name="type">page</field>
    <field name="name">todo</field>
    <field name="url">a00012.html</field>
    <field name="keywords"></field>
    <field name="text">Todo List Global reg_wizchip_bus_cbfunc uint8_t(*bus_rb) uint32_t addr void(*bus_wb) uint32_t addr uint8_t wb Describe wizchip_bus_readbyte and wizchip_bus_writebyte function or register your functions Global reg_wizchip_cris_cbfunc void(*cris_en) void void(*cris_ex) void Describe wizchip_int_enable and wizchip_int_disable function or register your functions Global reg_wizchip_cs_cbfunc void(*cs_sel) void void(*cs_desel) void Describe wizchip_cs_select and wizchip_cs_deselect function or register your functions Global reg_wizchip_spi_cbfunc uint8_t(*spi_rb) void void(*spi_wb) uint8_t wb Describe wizchip_spi_readbyte and wizchip_spi_writebyte function or register your functions</field>
  </doc>
  <doc>
    <field name="type">group</field>
    <field name="name">Common_register_group</field>
    <field name="url">a00010.html</field>
    <field name="keywords">Common register</field>
    <field name="text">Common register group It set the basic for the networking It set the configuration such as interrupt network information ICMP etc MR Mode register GAR SUBR SHAR SIPR INTLEVEL IR IMR SIP SIMR Interrupt RTR RCR Data retransmission PTIMER PMAGIC PHA PSID PMRU PPPoE UIPR UPORT ICMP message PHYCFGR VERSIONR etc</field>
  </doc>
  <doc>
    <field name="type">group</field>
    <field name="name">Socket_register_group</field>
    <field name="url">a00011.html</field>
    <field name="keywords">Socket register</field>
    <field name="text">Socket register group Socket register configures and control SOCKETn which is necessary to data communication Sn_MR Sn_CR Sn_IR Sn_IMR SOCKETn Control Sn_SR Sn_PORT Sn_DHAR Sn_DIPR Sn_DPORT SOCKETn Information Sn_MSSR Sn_TOS Sn_TTL Sn_KPALVTR Sn_FRAG Internet protocol Sn_RXBUF_SIZE Sn_TXBUF_SIZE Sn_TX_FSR Sn_TX_RD Sn_TX_WR Sn_RX_RSR Sn_RX_RD Sn_RX_WR Data communication</field>
  </doc>
  <doc>
    <field name="type">struct</field>
    <field name="name">_WIZCHIP.IF.BUS</field>
    <field name="url">a00002.html</field>
    <field name="keywords">_WIZCHIP.IF.BUS</field>
    <field name="text"></field>
  </doc>
  <doc>
    <field name="type">struct</field>
    <field name="name">_WIZCHIP.IF.SPI</field>
    <field name="url">a00003.html</field>
    <field name="keywords">_WIZCHIP.IF.SPI</field>
    <field name="text"></field>
  </doc>
</add>
