{
  // Use IntelliSense to learn about possible attributes.
  // Hover to view descriptions of existing attributes.
  // For more information, visit: https://go.microsoft.com/fwlink/?linkid=830387
  "version": "0.2.0",
  "configurations": [
    {
      "cwd": "${workspaceFolder}",
      "executable": "build/Projects/W7500x_StdPeriph_Examples/WZTOE/WZTOE_Loopback/WZTOE_Loopback.elf",
      "name": "Debug with PyOCD",
      "request": "launch",
      "type": "cortex-debug",
      "runToEntryPoint": "main",
      "showDevDebugOutput": "none",
      "servertype": "pyocd",
      "serverArgs": [
        "--target", "w7500",
        "--pack", "tools/WIZnet.W7500_DFP.1.0.0"
      ],
      "windows": {
        "gdbPath": "${env:ARM_TOOLCHAIN_DIR}/arm-none-eabi-gdb.exe",
      },
    },
  ]
}